gebid,building_type,scenario_name,scenario_category,enob_category,hvac_system_type,hvac_subsystem_type,nfa,bac,hvac_rsl,envbpot,endenergy_norm_diff,co2_norm_heating_dhw_diff,penrt_norm_diff,pet_norm_diff,pert_norm_diff,lca_gwp_norm_a2,lca_penrt_norm,lca_pert_norm,lcc_norm,total_pv_potential_kwh,investment_costs_total,investment_costs_norm,operation_costs_norm_diff,endenergy_total_diff,penrt_total_diff,pet_total_diff,co2_total_heating_dhw_diff,operation_costs_total_diff
B001,workshop,EGB55,construction_only,EGB55,,,7218.8,1979-1995,,Negligible,109.75,37.78,320.01,323.61,15.43,30.83,288.99,44.5,231.73,779825.0,3119243.0,432.1,15.93,792238.0,2310084.0,2336068.0,272724.0,114998.0
B001,workshop,HP-400-003|Allgemeiner Strommix,hvac_only,none,Waermepumpe,Luft,7218.8,1979-1995,11.6,Negligible,29.89,11.29,62.81,73.41,6.05,2.79,23.57,50.22,33.31,779825.0,1011070.0,140.06,10.25,215750.0,453384.0,529956.0,81509.0,74015.0
B001,workshop,EGB55 + HP-400-003|Allgemeiner Strommix,combined,EGB55,Waermepumpe,Luft,7218.8,1979-1995,11.6,Negligible,81.45,18.69,147.96,204.27,17.79,24.45,383.02,8.31,355.42,779825.0,1599534.0,221.58,4.65,587988.0,1068088.0,1474583.0,134945.0,33552.0
B002,office,EGB55,construction_only,EGB55,,,4274.4,ab 2010,,Negligible,102.56,29.56,257.52,368.62,15.62,57.05,128.59,39.79,162.75,693971.0,812650.0,190.12,13.15,438392.0,1100749.0,1575642.0,126357.0,56222.0
B002,office,HP-400-003|Allgemeiner Strommix,hvac_only,none,Waermepumpe,Luft,4274.4,ab 2010,0.9,Negligible,44.15,13.16,116.87,142.2,9.51,4.71,64.03,27.64,30.12,693971.0,177835.0,41.6,15.5,188715.0,499543.0,607812.0,56237.0,66259.0
B002,office,EGB55 + HP-400-003|Allgemeiner Strommix,combined,EGB55,Waermepumpe,Luft,4274.4,ab 2010,0.9,Negligible,55.26,13.27,167.09,180.12,5.88,77.3,854.86,82.12,256.49,693971.0,920568.0,215.37,3.48,236198.0,714195.0,769899.0,56707.0,14889.0
B003,library,EGB55,construction_only,EGB55,,,4597.7,ab 2010,,Negligible,82.95,21.75,177.11,187.53,21.17,46.35,529.06,34.42,325.5,747820.0,529276.0,115.12,6.27,381355.0,814302.0,862203.0,99988.0,28822.0
B003,library,HP-400-003|Allgemeiner Strommix,hvac_only,none,Waermepumpe,Luft,4597.7,ab 2010,8.8,Negligible,9.92,3.7,26.98,28.61,1.83,17.71,54.42,56.4,44.18,747820.0,334020.0,72.65,8.55,45589.0,124042.0,131532.0,17024.0,39292.0
B003,library,EGB55 + HP-400-003|Allgemeiner Strommix,combined,EGB55,Waermepumpe,Luft,4597.7,ab 2010,8.8,Negligible,121.79,25.6,378.36,268.94,28.08,74.46,192.15,42.35,349.8,747820.0,574007.0,124.85,10.24,559929.0,1739580.0,1236483.0,117704.0,47086.0
B004,workshop,EGB55,construction_only,EGB55,,,4298.8,1949-1978,,Low,36.57,7.89,83.54,135.92,7.12,35.89,302.65,86.07,208.9,413667.0,2958611.0,688.24,8.49,157201.0,359123.0,584315.0,33937.0,36500.0
B004,workshop,HP-400-003|Allgemeiner Strommix,hvac_only,none,Waermepumpe,Luft,4298.8,1949-1978,6.0,Low,40.86,13.43,106.77,117.79,10.45,9.41,112.28,13.63,31.5,413667.0,396961.0,92.34,15.24,175657.0,458977.0,506356.0,57713.0,65512.0
B004,workshop,EGB55 + HP-400-003|Allgemeiner Strommix,combined,EGB55,Waermepumpe,Luft,4298.8,1949-1978,6.0,Low,56.85,17.92,159.4,182.34,15.59,35.28,406.59,24.64,59.27,413667.0,1125891.0,261.91,14.69,244385.0,685235.0,783838.0,77053.0,63148.0
B005,library,EGB55,construction_only,EGB55,,,1254.3,ab 2010,,Negligible,93.16,34.68,228.44,298.57,19.29,23.08,130.73,41.74,330.33,194602.0,738940.0,589.13,11.81,116846.0,286526.0,374486.0,43498.0,14819.0
B005,library,HP-400-003|Allgemeiner Strommix,hvac_only,none,Waermepumpe,Luft,1254.3,ab 2010,3.2,Negligible,41.53,14.14,125.8,126.15,10.93,2.84,23.03,9.66,22.64,194602.0,75042.0,59.83,3.41,52096.0,157786.0,158229.0,17734.0,4272.0
B005,library,EGB55 + HP-400-003|Allgemeiner Strommix,combined,EGB55,Waermepumpe,Luft,1254.3,ab 2010,3.2,Negligible,85.27,25.42,173.3,280.07,7.18,33.47,849.44,52.15,348.4,194602.0,713735.0,569.04,9.97,106950.0,217368.0,351289.0,31880.0,12501.0
B006,community_center,EGB55,construction_only,EGB55,,,4765.4,1919-1948,,Very high,110.46,21.0,251.19,299.2,11.33,59.38,733.92,33.73,367.87,897164.0,2755717.0,578.28,2.5,526362.0,1197013.0,1425813.0,100084.0,11921.0
B006,community_center,HP-400-003|Allgemeiner Strommix,hvac_only,none,Waermepumpe,Luft,4765.4,1919-1948,21.5,Very high,40.3,8.85,104.92,129.86,8.14,3.73,86.12,59.82,51.19,897164.0,602449.0,126.42,5.57,192069.0,499973.0,618845.0,42151.0,26549.0
B006,community_center,EGB55 + HP-400-003|Allgemeiner Strommix,combined,EGB55,Waermepumpe,Luft,4765.4,1919-1948,21.5,Very high,102.81,36.87,208.31,230.58,21.61,25.6,542.24,85.47,184.14,897164.0,1379176.0,289.41,7.58,489953.0,992702.0,1098829.0,175692.0,36102.0
B007,workshop,EGB55,construction_only,EGB55,,,1168.4,1979-1995,,Negligible,105.17,26.75,268.75,267.56,13.62,35.05,455.09,14.69,326.04,193936.0,522759.0,447.43,5.15,122877.0,313990.0,312609.0,31253.0,6011.0
B007,workshop,HP-400-003|Allgemeiner Strommix,hvac_only,none,Waermepumpe,Luft,1168.4,1979-1995,12.6,Negligible,35.53,7.33,70.57,85.59,3.42,18.32,46.92,33.13,51.64,193936.0,121965.0,104.39,3.4,41508.0,82456.0,99997.0,8560.0,3973.0
B007,workshop,EGB55 + HP-400-003|Allgemeiner Strommix,combined,EGB55,Waermepumpe,Luft,1168.4,1979-1995,12.6,Negligible,79.21,20.2,221.4,186.52,17.86,71.67,757.13,63.28,180.88,193936.0,186126.0,159.31,8.54,92542.0,258675.0,217925.0,23605.0,9979.0
B008,office,EGB55,construction_only,EGB55,,,1850.4,ab 2010,,Negligible,103.31,21.19,212.61,359.44,21.58,67.12,897.35,85.01,360.35,269746.0,1047808.0,566.27,6.62,191161.0,393406.0,665100.0,39216.0,12255.0
B008,office,HP-400-003|Allgemeiner Strommix,hvac_only,none,Waermepumpe,Luft,1850.4,ab 2010,5.7,Negligible,12.38,4.11,35.41,41.52,2.09,8.81,61.98,10.73,52.22,269746.0,175941.0,95.08,6.51,22904.0,65522.0,76820.0,7602.0,12040.0
B008,office,EGB55 + HP-400-003|Allgemeiner Strommix,combined,EGB55,Waermepumpe,Luft,1850.4,ab 2010,5.7,Negligible,94.02,24.1,278.58,345.17,14.81,19.3,703.51,89.42,96.24,269746.0,1122705.0,606.75,13.29,173975.0,515469.0,638685.0,44588.0,24596.0
B009,sports_hall,EGB55,construction_only,EGB55,,,1337.7,ab 2010,,Negligible,38.16,10.27,108.77,95.58,10.03,25.81,710.67,13.54,219.89,105252.0,159902.0,119.53,5.36,51041.0,145496.0,127853.0,13743.0,7176.0
B009,sports_hall,HP-400-003|Allgemeiner Strommix,hvac_only,none,Waermepumpe,Luft,1337.7,ab 2010,0.1,Negligible,33.79,9.16,63.51,128.15,8.71,18.49,44.66,40.32,21.36,105252.0,60181.0,44.99,1.01,45201.0,84954.0,171427.0,12250.0,1354.0
B009,sports_hall,EGB55 + HP-400-003|Allgemeiner Strommix,combined,EGB55,Waermepumpe,Luft,1337.7,ab 2010,0.1,Negligible,79.35,17.08,238.42,236.05,9.26,62.93,298.01,51.21,147.52,105252.0,630258.0,471.15,10.24,106147.0,318936.0,315765.0,22849.0,13701.0
B010,workshop,EGB55,construction_only,EGB55,,,3406.6,1949-1978,,Medium,34.6,7.01,109.74,128.26,4.36,87.53,250.41,49.53,229.01,680467.0,2210788.0,648.97,1.13,117880.0,373849.0,436927.0,23887.0,3843.0
B010,workshop,HP-400-003|Allgemeiner Strommix,hvac_only,none,Waermepumpe,Luft,3406.6,1949-1978,18.5,Medium,29.0,5.6,61.8,85.38,7.43,15.7,102.9,70.41,45.39,680467.0,449545.0,131.96,11.06,98788.0,210533.0,290841.0,19094.0,37687.0
B010,workshop,EGB55 + HP-400-003|Allgemeiner Strommix,combined,EGB55,Waermepumpe,Luft,3406.6,1949-1978,18.5,Medium,98.51,21.03,281.65,242.85,26.0,56.92,350.14,84.8,98.95,680467.0,1601036.0,469.98,1.92,335574.0,959453.0,827305.0,71655.0,6538.0
B011,office,EGB55,construction_only,EGB55,,,4772.9,ab 2010,,Negligible,98.12,36.32,236.17,281.04,21.43,76.47,354.76,62.91,119.43,898669.0,2057197.0,431.02,12.42,468332.0,1127222.0,1341369.0,173336.0,59289.0
B011,office,HP-400-003|Allgemeiner Strommix,hvac_only,none,Waermepumpe,Luft,4772.9,ab 2010,7.9,Negligible,34.11,6.25,107.17,100.63,5.52,14.97,72.33,67.93,14.24,898669.0,465521.0,97.54,9.15,162820.0,511529.0,480297.0,29810.0,43675.0
B011,office,EGB55 + HP-400-003|Allgemeiner Strommix,combined,EGB55,Waermepumpe,Luft,4772.9,ab 2010,7.9,Negligible,126.89,34.33,340.52,390.99,12.03,56.64,262.2,24.04,373.9,898669.0,1200427.0,251.51,7.54,605650.0,1625264.0,1866127.0,163867.0,35995.0
B012,sports_hall,EGB55,construction_only,EGB55,,,5775.6,ab 2010,,Negligible,71.1,24.44,195.49,229.44,11.46,53.78,404.79,69.03,184.56,1092323.0,2194569.0,379.97,12.21,410663.0,1129046.0,1325177.0,141179.0,70518.0
B012,sports_hall,HP-400-003|Allgemeiner Strommix,hvac_only,none,Waermepumpe,Luft,5775.6,ab 2010,2.1,Negligible,18.52,6.4,43.22,65.78,4.39,10.05,91.29,10.82,29.49,1092323.0,769541.0,133.24,9.48,106972.0,249602.0,379917.0,36944.0,54769.0
B012,sports_hall,EGB55 + HP-400-003|Allgemeiner Strommix,combined,EGB55,Waermepumpe,Luft,5775.6,ab 2010,2.1,Negligible,94.23,29.73,246.6,270.72,11.0,32.0,320.2,43.32,419.64,1092323.0,2069170.0,358.26,7.43,544223.0,1424251.0,1563556.0,171721.0,42938.0
B013,workshop,EGB55,construction_only,EGB55,,,4818.9,1949-1978,,High,43.58,12.15,120.28,101.0,11.04,33.66,485.51,24.24,199.69,579911.0,2876032.0,596.83,13.33,210025.0,579618.0,486684.0,58548.0,64223.0
B013,workshop,HP-400-003|Allgemeiner Strommix,hvac_only,none,Waermepumpe,Luft,4818.9,1949-1978,14.4,High,35.72,9.7,82.96,109.77,4.3,7.7,90.65,71.18,12.84,579911.0,568331.0,117.94,13.17,172112.0,399765.0,528973.0,46748.0,63465.0
B013,workshop,EGB55 + HP-400-003|Allgemeiner Strommix,combined,EGB55,Waermepumpe,Luft,4818.9,1949-1978,14.4,High,64.88,20.54,139.14,209.51,10.08,60.25,291.67,47.08,239.38,579911.0,2652291.0,550.4,3.65,312628.0,670472.0,1009593.0,98973.0,17584.0
B014,workshop,EGB55,construction_only,EGB55,,,2597.4,vor 1919,,High,21.41,7.16,59.81,53.8,2.3,34.36,709.97,48.02,390.81,262368.0,1282699.0,493.83,10.12,55612.0,155346.0,139748.0,18595.0,26297.0
B014,workshop,HP-400-003|Allgemeiner Strommix,hvac_only,none,Waermepumpe,Luft,2597.4,vor 1919,18.2,High,35.01,8.71,75.62,101.54,6.23,4.55,64.13,60.47,16.79,262368.0,120949.0,46.56,3.19,90938.0,196408.0,263737.0,22622.0,8293.0
B014,workshop,EGB55 + HP-400-003|Allgemeiner Strommix,combined,EGB55,Waermepumpe,Luft,2597.4,vor 1919,18.2,High,59.3,10.98,122.0,146.13,10.37,9.24,455.7,21.36,142.46,262368.0,1718950.0,661.78,3.35,154039.0,316894.0,379563.0,28522.0,8709.0
B015,community_center,EGB55,construction_only,EGB55,,,3488.0,1979-1995,,Low,115.09,36.1,215.14,375.35,23.03,71.32,255.34,86.18,376.75,299081.0,588122.0,168.61,5.39,401443.0,750387.0,1309223.0,125918.0,18785.0
B015,community_center,HP-400-003|Allgemeiner Strommix,hvac_only,none,Waermepumpe,Luft,3488.0,1979-1995,14.2,Low,38.24,13.88,121.82,121.56,8.15,14.21,77.01,86.1,40.39,299081.0,245160.0,70.29,8.45,133373.0,424890.0,424003.0,48417.0,29472.0
B015,community_center,EGB55 + HP-400-003|Allgemeiner Strommix,combined,EGB55,Waermepumpe,Luft,3488.0,1979-1995,14.2,Low,32.37,10.32,77.35,115.32,7.48,35.61,143.55,18.84,110.02,299081.0,1132557.0,324.7,7.44,112912.0,269800.0,402234.0,35994.0,25938.0
B016,library,EGB55,construction_only,EGB55,,,2516.0,1979-1995,,Negligible,107.61,19.44,312.26,279.01,11.68,73.56,642.79,25.42,141.68,424883.0,1669430.0,663.53,4.66,270748.0,785645.0,701986.0,48912.0,11730.0
B016,library,HP-400-003|Allgemeiner Strommix,hvac_only,none,Waermepumpe,Luft,2516.0,1979-1995,14.8,Negligible,10.18,3.49,20.0,30.81,0.89,11.9,104.66,14.92,23.71,424883.0,306353.0,121.76,9.93,25618.0,50330.0,77511.0,8787.0,24972.0
B016,library,EGB55 + HP-400-003|Allgemeiner Strommix,combined,EGB55,Waermepumpe,Luft,2516.0,1979-1995,14.8,Negligible,62.14,16.84,186.89,165.84,14.39,60.13,687.15,39.02,315.47,424883.0,1501821.0,596.91,6.51,156353.0,470200.0,417260.0,42363.0,16369.0
B017,school,EGB55,construction_only,EGB55,,,7718.1,vor 1919,,Very high,41.47,14.6,100.67,110.36,5.85,14.32,259.99,30.23,105.73,1365564.0,1063864.0,137.84,7.72,320109.0,777002.0,851750.0,112671.0,59582.0
B017,school,HP-400-003|Allgemeiner Strommix,hvac_only,none,Waermepumpe,Luft,7718.1,vor 1919,27.2,Very high,34.55,12.59,75.4,107.65,6.27,3.35,32.49,80.55,33.71,1365564.0,976755.0,126.55,1.53,266668.0,581917.0,830830.0,97202.0,11824.0
B017,school,EGB55 + HP-400-003|Allgemeiner Strommix,combined,EGB55,Waermepumpe,Luft,7718.1,vor 1919,27.2,Very high,87.35,30.87,157.93,265.09,13.43,70.32,140.04,29.72,348.8,1365564.0,3388216.0,438.99,7.52,674197.0,1218956.0,2046021.0,238270.0,58070.0
B018,office,EGB55,construction_only,EGB55,,,2831.2,1996-2009,,Negligible,34.3,10.07,107.54,107.26,7.18,34.54,548.32,69.68,263.93,347532.0,1646798.0,581.67,9.03,97114.0,304453.0,303681.0,28510.0,25572.0
B018,office,HP-400-003|Allgemeiner Strommix,hvac_only,none,Waermepumpe,Luft,2831.2,1996-2009,6.2,Negligible,28.31,7.88,57.53,90.32,6.89,4.43,74.49,68.16,30.15,347532.0,176681.0,62.41,6.27,80148.0,162885.0,255725.0,22296.0,17752.0
B018,office,EGB55 + HP-400-003|Allgemeiner Strommix,combined,EGB55,Waermepumpe,Luft,2831.2,1996-2009,6.2,Negligible,90.08,26.29,175.64,316.06,23.85,16.31,284.61,22.24,362.68,347532.0,2103820.0,743.09,1.19,255037.0,497279.0,894826.0,74429.0,3358.0
B019,admin,EGB55,construction_only,EGB55,,,1863.0,1919-1948,,High,32.52,9.26,92.48,94.32,3.52,37.0,885.32,69.56,84.21,132694.0,1089692.0,584.93,5.32,60588.0,172294.0,175723.0,17256.0,9910.0
B019,admin,HP-400-003|Allgemeiner Strommix,hvac_only,none,Waermepumpe,Luft,1863.0,1919-1948,10.5,High,5.51,1.95,11.17,16.14,1.17,11.14,36.54,19.41,24.23,132694.0,67601.0,36.29,3.86,10263.0,20805.0,30062.0,3636.0,7184.0
B019,admin,EGB55 + HP-400-003|Allgemeiner Strommix,combined,EGB55,Waermepumpe,Luft,1863.0,1919-1948,10.5,High,37.89,9.52,99.33,100.39,3.29,35.15,699.25,28.98,193.73,132694.0,1184716.0,635.93,6.8,70590.0,185055.0,187021.0,17739.0,12675.0
B020,workshop,EGB55,construction_only,EGB55,,,7377.3,1919-1948,,Medium,40.61,10.87,107.35,150.13,4.43,66.41,469.88,18.8,409.61,1311350.0,3817478.0,517.46,2.5,299578.0,791923.0,1107523.0,80160.0,18423.0
B020,workshop,HP-400-003|Allgemeiner Strommix,hvac_only,none,Waermepumpe,Luft,7377.3,1919-1948,17.1,Medium,9.12,1.81,20.66,33.76,0.79,18.53,81.16,13.5,38.43,1311350.0,627477.0,85.05,9.24,67309.0,152399.0,249093.0,13363.0,68179.0
B020,workshop,EGB55 + HP-400-003|Allgemeiner Strommix,combined,EGB55,Waermepumpe,Luft,7377.3,1919-1948,17.1,Medium,101.29,38.44,204.55,354.59,16.43,72.23,811.26,89.34,141.1,1311350.0,3154007.0,427.53,15.11,747275.0,1509001.0,2615889.0,283550.0,111494.0
B021,community_center,EGB55,construction_only,EGB55,,,3233.8,ab 2010,,Negligible,104.25,28.11,244.01,301.56,11.26,13.01,698.27,54.29,295.32,387940.0,1880159.0,581.4,4.07,337143.0,789105.0,975181.0,90907.0,13151.0
B021,community_center,HP-400-003|Allgemeiner Strommix,hvac_only,none,Waermepumpe,Luft,3233.8,ab 2010,9.2,Negligible,16.12,3.88,46.17,45.1,2.33,13.45,38.66,16.73,44.86,387940.0,390562.0,120.77,5.09,52118.0,149316.0,145861.0,12549.0,16472.0
B021,community_center,EGB55 + HP-400-003|Allgemeiner Strommix,combined,EGB55,Waermepumpe,Luft,3233.8,ab 2010,9.2,Negligible,93.05,24.27,242.79,242.45,13.92,57.98,563.72,20.64,308.5,387940.0,550465.0,170.22,15.53,300922.0,785147.0,784042.0,78500.0,50224.0
B022,community_center,EGB55,construction_only,EGB55,,,2327.0,1919-1948,,Very high,43.92,16.61,137.46,99.59,8.09,57.31,655.96,35.54,164.61,508767.0,238678.0,102.57,1.05,102190.0,319865.0,231742.0,38641.0,2434.0
B022,community_center,HP-400-003|Allgemeiner Strommix,hvac_only,none,Waermepumpe,Luft,2327.0,1919-1948,14.1,Very high,8.04,1.77,18.21,18.58,0.69,18.68,63.52,24.8,45.42,508767.0,72446.0,31.13,4.3,18698.0,42381.0,43245.0,4123.0,10001.0
B022,community_center,EGB55 + HP-400-003|Allgemeiner Strommix,combined,EGB55,Waermepumpe,Luft,2327.0,1919-1948,14.1,Very high,126.89,38.98,244.95,343.72,10.86,25.97,100.86,18.35,280.62,508767.0,428873.0,184.31,2.91,295257.0,569989.0,799817.0,90699.0,6782.0
B023,nursery,EGB55,construction_only,EGB55,,,2949.4,ab 2010,,Negligible,95.11,28.87,184.56,248.85,18.71,86.08,750.05,60.54,237.15,552574.0,321723.0,109.08,14.31,280512.0,544343.0,733957.0,85159.0,42195.0
B023,nursery,HP-400-003|Allgemeiner Strommix,hvac_only,none,Waermepumpe,Luft,2949.4,ab 2010,11.3,Negligible,10.16,3.24,29.85,35.15,1.73,5.19,23.53,77.81,58.88,552574.0,174891.0,59.3,13.92,29976.0,88039.0,103671.0,9551.0,41069.0
B023,nursery,EGB55 + HP-400-003|Allgemeiner Strommix,combined,EGB55,Waermepumpe,Luft,2949.4,ab 2010,11.3,Negligible,70.87,19.92,128.38,206.11,8.5,66.42,492.11,79.25,380.73,552574.0,983825.0,333.56,4.85,209027.0,378639.0,607922.0,58743.0,14293.0
B024,school,EGB55,construction_only,EGB55,,,4230.4,ab 2010,,Negligible,130.91,24.99,329.33,393.59,21.87,86.0,857.99,18.25,97.65,284881.0,1457337.0,344.49,13.43,553793.0,1393209.0,1665016.0,105718.0,56803.0
B024,school,HP-400-003|Allgemeiner Strommix,hvac_only,none,Waermepumpe,Luft,4230.4,ab 2010,9.4,Negligible,34.19,10.09,71.6,119.96,2.83,14.57,39.43,46.63,58.76,284881.0,400551.0,94.68,1.38,144650.0,302909.0,507495.0,42702.0,5849.0
B024,school,EGB55 + HP-400-003|Allgemeiner Strommix,combined,EGB55,Waermepumpe,Luft,4230.4,ab 2010,9.4,Negligible,79.45,15.2,171.1,177.11,14.94,39.28,493.03,32.26,289.59,284881.0,991726.0,234.43,14.55,336083.0,723828.0,749243.0,64307.0,61565.0
B025,office,EGB55,construction_only,EGB55,,,4146.8,ab 2010,,Negligible,109.55,35.49,248.43,346.65,29.05,12.45,741.95,52.43,184.05,441107.0,1286178.0,310.17,1.58,454293.0,1030163.0,1437458.0,147188.0,6535.0
B025,office,HP-400-003|Allgemeiner Strommix,hvac_only,none,Waermepumpe,Luft,4146.8,ab 2010,9.9,Negligible,29.93,5.97,81.91,111.91,8.26,18.01,100.66,22.59,58.51,441107.0,225280.0,54.33,13.97,124094.0,339665.0,464061.0,24759.0,57931.0
B025,office,EGB55 + HP-400-003|Allgemeiner Strommix,combined,EGB55,Waermepumpe,Luft,4146.8,ab 2010,9.9,Negligible,130.03,36.96,270.54,394.13,17.96,18.32,185.12,73.7,390.51,441107.0,882800.0,212.89,0.71,539194.0,1121845.0,1634379.0,153272.0,2926.0
B026,library,EGB55,construction_only,EGB55,,,1421.7,1919-1948,,Very high,57.32,12.68,156.52,152.66,9.16,46.0,821.63,28.2,313.09,217998.0,406078.0,285.62,14.36,81498.0,222523.0,217046.0,18021.0,20421.0
B026,library,HP-400-003|Allgemeiner Strommix,hvac_only,none,Waermepumpe,Luft,1421.7,1919-1948,14.5,Very high,25.21,8.96,69.11,59.26,2.71,19.83,22.91,32.67,57.94,217998.0,45229.0,31.81,3.0,35837.0,98260.0,84252.0,12738.0,4268.0
B026,library,EGB55 + HP-400-003|Allgemeiner Strommix,combined,EGB55,Waermepumpe,Luft,1421.7,1919-1948,14.5,Very high,40.06,10.99,105.34,108.54,4.08,74.5,739.67,54.09,92.34,217998.0,695114.0,488.92,10.26,56959.0,149767.0,154319.0,15629.0,14584.0
B027,sports_hall,EGB55,construction_only,EGB55,,,6965.4,1949-1978,,Low,74.02,24.15,159.87,280.31,16.58,42.75,420.22,71.9,106.76,545130.0,3369678.0,483.78,11.64,515578.0,1113532.0,1952488.0,168208.0,81091.0
B027,sports_hall,HP-400-003|Allgemeiner Strommix,hvac_only,none,Waermepumpe,Luft,6965.4,1949-1978,17.0,Low,39.93,10.93,97.86,106.03,10.54,7.69,89.53,41.57,56.77,545130.0,1001306.0,143.76,0.97,278113.0,681612.0,738524.0,76127.0,6725.0
B027,sports_hall,EGB55 + HP-400-003|Allgemeiner Strommix,combined,EGB55,Waermepumpe,Luft,6965.4,1949-1978,17.0,Low,129.92,25.3,324.26,296.1,24.66,23.21,381.71,32.99,268.84,545130.0,4753370.0,682.43,15.02,904927.0,2258555.0,2062468.0,176253.0,104594.0
B028,admin,EGB55,construction_only,EGB55,,,4729.6,ab 2010,,Negligible,127.52,45.14,346.03,340.51,30.05,31.72,813.75,14.79,85.22,565411.0,2601339.0,550.01,7.46,603125.0,1636585.0,1610483.0,213486.0,35294.0
B028,admin,HP-400-003|Allgemeiner Strommix,hvac_only,none,Waermepumpe,Luft,4729.6,ab 2010,6.5,Negligible,25.54,6.11,65.61,86.57,6.42,3.06,79.24,88.66,32.99,565411.0,578662.0,122.35,2.01,120783.0,310296.0,409446.0,28915.0,9495.0
B028,admin,EGB55 + HP-400-003|Allgemeiner Strommix,combined,EGB55,Waermepumpe,Luft,4729.6,ab 2010,6.5,Negligible,128.89,46.1,374.04,462.83,11.79,66.67,241.52,29.8,163.42,565411.0,2473637.0,523.01,10.23,609617.0,1769086.0,2189002.0,218031.0,48393.0
B029,office,EGB55,construction_only,EGB55,,,496.7,ab 2010,,Negligible,80.69,26.79,219.24,214.94,7.86,45.91,801.74,57.05,60.25,94803.0,180807.0,364.05,6.46,40075.0,108888.0,106751.0,13306.0,3209.0
B029,office,HP-400-003|Allgemeiner Strommix,hvac_only,none,Waermepumpe,Luft,496.7,ab 2010,12.2,Negligible,28.49,10.55,64.76,81.27,5.77,17.96,90.61,46.61,50.73,94803.0,43824.0,88.24,15.43,14147.0,32162.0,40362.0,5238.0,7666.0
B029,office,EGB55 + HP-400-003|Allgemeiner Strommix,combined,EGB55,Waermepumpe,Luft,496.7,ab 2010,12.2,Negligible,54.24,18.77,120.21,192.88,10.95,49.73,151.37,72.48,65.05,94803.0,387869.0,780.95,14.09,26940.0,59706.0,95796.0,9324.0,6999.0
B030,sports_hall,EGB55,construction_only,EGB55,,,1371.8,1919-1948,,Very high,27.94,6.41,66.24,90.08,7.35,73.68,212.03,47.14,226.93,187627.0,951592.0,693.69,1.85,38324.0,90866.0,123572.0,8790.0,2534.0
B030,sports_hall,HP-400-003|Allgemeiner Strommix,hvac_only,none,Waermepumpe,Luft,1371.8,1919-1948,19.5,Very high,41.57,10.8,90.07,128.44,5.99,18.69,28.48,24.95,14.19,187627.0,158340.0,115.43,5.04,57031.0,123553.0,176198.0,14815.0,6919.0
B030,sports_hall,EGB55 + HP-400-003|Allgemeiner Strommix,combined,EGB55,Waermepumpe,Luft,1371.8,1919-1948,19.5,Very high,120.83,44.38,260.83,265.96,19.03,86.93,706.27,12.89,306.98,187627.0,1025783.0,747.77,15.5,165759.0,357804.0,364844.0,60880.0,21262.0
B031,community_center,EGB55,construction_only,EGB55,,,6958.8,1996-2009,,Negligible,97.57,25.06,311.63,302.03,17.99,85.73,312.91,89.95,386.55,527802.0,2215270.0,318.34,5.57,678943.0,2168564.0,2101774.0,174379.0,38776.0
B031,community_center,HP-400-003|Allgemeiner Strommix,hvac_only,none,Waermepumpe,Luft,6958.8,1996-2009,14.6,Negligible,41.63,9.04,75.45,150.86,8.31,14.09,93.31,11.5,14.59,527802.0,626153.0,89.98,1.28,289663.0,525034.0,1049774.0,62904.0,8901.0
B031,community_center,EGB55 + HP-400-003|Allgemeiner Strommix,combined,EGB55,Waermepumpe,Luft,6958.8,1996-2009,14.6,Negligible,86.76,27.02,231.06,197.31,11.05,81.59,181.04,51.72,59.02,527802.0,5309884.0,763.05,3.16,603726.0,1607908.0,1373024.0,188050.0,21984.0
B032,sports_hall,EGB55,construction_only,EGB55,,,4555.5,1979-1995,,Low,95.15,18.56,265.5,357.38,7.94,71.52,224.44,45.72,238.6,956628.0,2134978.0,468.66,15.84,433455.0,1209499.0,1628064.0,84553.0,72150.0
B032,sports_hall,HP-400-003|Allgemeiner Strommix,hvac_only,none,Waermepumpe,Luft,4555.5,1979-1995,16.2,Low,20.7,6.68,50.77,59.21,3.17,10.88,48.12,27.85,17.42,956628.0,377321.0,82.83,5.05,94279.0,231307.0,269732.0,30453.0,22985.0
B032,sports_hall,EGB55 + HP-400-003|Allgemeiner Strommix,combined,EGB55,Waermepumpe,Luft,4555.5,1979-1995,16.2,Low,121.42,30.21,323.79,442.4,18.44,53.49,443.72,61.32,404.71,956628.0,959625.0,210.65,15.46,553119.0,1475057.0,2015381.0,137602.0,70444.0
B033,library,EGB55,construction_only,EGB55,,,6448.6,1979-1995,,Low,92.14,25.96,253.75,232.35,8.5,72.86,743.34,62.58,162.14,723523.0,3191445.0,494.9,1.8,594151.0,1636344.0,1498330.0,167391.0,11608.0
B033,library,HP-400-003|Allgemeiner Strommix,hvac_only,none,Waermepumpe,Luft,6448.6,1979-1995,12.5,Low,28.05,8.51,68.04,71.81,6.32,10.35,94.54,37.86,14.39,723523.0,613231.0,95.09,10.15,180870.0,438751.0,463074.0,54883.0,65472.0
B033,library,EGB55 + HP-400-003|Allgemeiner Strommix,combined,EGB55,Waermepumpe,Luft,6448.6,1979-1995,12.5,Low,131.08,25.09,377.59,343.19,28.76,39.12,344.1,48.04,241.6,723523.0,3831725.0,594.19,10.39,845292.0,2434928.0,2213127.0,161814.0,66983.0
B034,library,EGB55,construction_only,EGB55,,,3319.0,1919-1948,,Medium,75.62,22.12,137.98,226.73,9.38,39.64,140.49,61.87,379.54,382553.0,1038040.0,312.76,2.13,250996.0,457955.0,752500.0,73431.0,7065.0
B034,library,HP-400-003|Allgemeiner Strommix,hvac_only,none,Waermepumpe,Luft,3319.0,1919-1948,22.9,Medium,10.08,3.61,19.87,28.02,1.8,4.12,51.87,30.57,45.67,382553.0,492381.0,148.35,6.12,33460.0,65965.0,92986.0,11990.0,20325.0
B034,library,EGB55 + HP-400-003|Allgemeiner Strommix,combined,EGB55,Waermepumpe,Luft,3319.0,1919-1948,22.9,Medium,97.97,29.0,235.69,260.7,23.94,69.21,189.88,31.98,351.41,382553.0,2654450.0,799.78,9.98,325156.0,782260.0,865271.0,96241.0,33121.0
B035,office,EGB55,construction_only,EGB55,,,7880.1,ab 2010,,Negligible,60.23,22.0,133.86,170.59,5.09,65.13,443.73,73.41,128.79,751746.0,3906848.0,495.79,10.93,474605.0,1054850.0,1344240.0,173364.0,86152.0
B035,office,HP-400-003|Allgemeiner Strommix,hvac_only,none,Waermepumpe,Luft,7880.1,ab 2010,0.0,Negligible,12.54,3.27,35.66,31.39,1.23,10.33,43.45,73.65,50.86,751746.0,1130269.0,143.43,13.52,98850.0,281035.0,247391.0,25758.0,106510.0
B035,office,EGB55 + HP-400-003|Allgemeiner Strommix,combined,EGB55,Waermepumpe,Luft,7880.1,ab 2010,0.0,Negligible,96.8,33.36,272.92,328.64,21.25,76.06,324.23,63.14,236.57,751746.0,2743154.0,348.11,5.57,762803.0,2150596.0,2589707.0,262863.0,43861.0
B036,nursery,EGB55,construction_only,EGB55,,,4135.7,ab 2010,,Negligible,115.09,36.37,365.72,293.31,20.9,15.59,402.09,85.93,72.65,527060.0,2293781.0,554.63,13.91,475975.0,1512488.0,1213031.0,150432.0,57545.0
B036,nursery,HP-400-003|Allgemeiner Strommix,hvac_only,none,Waermepumpe,Luft,4135.7,ab 2010,21.1,Negligible,36.9,9.9,84.68,111.05,4.39,7.53,50.54,89.05,26.76,527060.0,237653.0,57.46,15.07,152624.0,350227.0,459273.0,40935.0,62310.0
B036,nursery,EGB55 + HP-400-003|Allgemeiner Strommix,combined,EGB55,Waermepumpe,Luft,4135.7,ab 2010,21.1,Negligible,51.25,17.97,138.68,147.83,6.12,16.71,165.01,36.63,194.72,527060.0,3111512.0,752.36,8.81,211958.0,573533.0,611391.0,74326.0,36442.0
B037,nursery,EGB55,construction_only,EGB55,,,5878.8,ab 2010,,Negligible,22.47,5.56,46.41,53.09,4.73,45.81,89.57,66.64,137.54,502629.0,3341098.0,568.33,8.07,132090.0,272822.0,312111.0,32702.0,47461.0
B037,nursery,HP-400-003|Allgemeiner Strommix,hvac_only,none,Waermepumpe,Luft,5878.8,ab 2010,5.3,Negligible,23.29,7.34,74.2,80.96,2.18,10.91,43.43,16.4,19.76,502629.0,351395.0,59.77,15.38,136904.0,436184.0,475959.0,43152.0,90390.0
B037,nursery,EGB55 + HP-400-003|Allgemeiner Strommix,combined,EGB55,Waermepumpe,Luft,5878.8,ab 2010,5.3,Negligible,118.56,37.91,265.81,335.03,19.93,32.06,425.58,71.24,68.77,502629.0,1797937.0,305.84,7.92,696997.0,1562608.0,1969552.0,222875.0,46589.0
B038,admin,EGB55,construction_only,EGB55,,,5309.1,1979-1995,,Negligible,36.03,8.52,102.97,136.54,7.81,10.71,324.03,73.85,391.25,407958.0,2425959.0,456.95,5.91,191296.0,546692.0,724881.0,45211.0,31359.0
B038,admin,HP-400-003|Allgemeiner Strommix,hvac_only,none,Waermepumpe,Luft,5309.1,1979-1995,3.4,Negligible,30.34,10.7,69.08,76.0,2.44,4.47,105.12,59.22,59.53,407958.0,203525.0,38.34,6.17,161064.0,366769.0,403484.0,56829.0,32774.0
B038,admin,EGB55 + HP-400-003|Allgemeiner Strommix,combined,EGB55,Waermepumpe,Luft,5309.1,1979-1995,3.4,Negligible,114.04,22.05,269.37,367.24,24.81,45.04,234.3,87.21,217.27,407958.0,3238349.0,609.97,8.79,605459.0,1430105.0,1949708.0,117056.0,46666.0
B039,sports_hall,EGB55,construction_only,EGB55,,,2198.9,vor 1919,,High,54.41,13.74,160.17,121.57,5.48,74.24,517.85,43.99,141.58,202361.0,935381.0,425.39,3.93,119644.0,352190.0,267306.0,30211.0,8651.0
B039,sports_hall,HP-400-003|Allgemeiner Strommix,hvac_only,none,Waermepumpe,Luft,2198.9,vor 1919,15.9,High,37.96,9.28,69.63,137.43,5.3,13.82,105.82,73.47,53.13,202361.0,195031.0,88.7,13.56,83472.0,153114.0,302193.0,20398.0,29807.0
B039,sports_hall,EGB55 + HP-400-003|Allgemeiner Strommix,combined,EGB55,Waermepumpe,Luft,2198.9,vor 1919,15.9,High,65.03,17.96,147.59,222.89,16.02,19.58,214.83,39.46,216.05,202361.0,1703818.0,774.86,15.1,142994.0,324533.0,490104.0,39494.0,33195.0
B040,office,EGB55,construction_only,EGB55,,,5946.1,1919-1948,,Medium,52.42,18.17,114.61,121.97,7.5,34.5,673.67,8.47,127.41,614014.0,3792934.0,637.88,13.75,311686.0,681508.0,725248.0,108028.0,81763.0
B040,office,HP-400-003|Allgemeiner Strommix,hvac_only,none,Waermepumpe,Luft,5946.1,1919-1948,22.4,Medium,27.36,6.14,82.76,93.49,5.0,4.9,41.58,39.1,26.56,614014.0,221950.0,37.33,6.8,162675.0,492113.0,555884.0,36524.0,40427.0
B040,office,EGB55 + HP-400-003|Allgemeiner Strommix,combined,EGB55,Waermepumpe,Luft,5946.1,1919-1948,22.4,Medium,66.53,17.09,150.7,186.47,13.56,48.78,242.02,73.21,235.01,614014.0,2564402.0,431.27,11.56,395576.0,896110.0,1108775.0,101608.0,68718.0
B041,community_center,EGB55,construction_only,EGB55,,,6852.9,1996-2009,,Low,34.72,8.02,75.02,83.05,5.53,9.63,618.72,69.34,334.71,1201858.0,1215129.0,177.32,10.44,237899.0,514093.0,569105.0,54929.0,71522.0
B041,community_center,HP-400-003|Allgemeiner Strommix,hvac_only,none,Waermepumpe,Luft,6852.9,1996-2009,13.4,Low,6.44,1.41,14.0,18.92,0.74,11.7,54.4,61.72,36.57,1201858.0,769957.0,112.36,4.32,44124.0,95965.0,129688.0,9649.0,29593.0
B041,community_center,EGB55 + HP-400-003|Allgemeiner Strommix,combined,EGB55,Waermepumpe,Luft,6852.9,1996-2009,13.4,Low,109.07,35.38,206.78,405.08,21.31,30.33,435.99,50.44,236.75,1201858.0,1960542.0,286.09,4.61,747462.0,1417062.0,2775956.0,242472.0,31571.0
B042,nursery,EGB55,construction_only,EGB55,,,6335.0,1979-1995,,Low,64.92,11.85,205.64,173.32,12.17,37.37,123.79,81.87,395.55,419259.0,1342137.0,211.86,6.98,411239.0,1302741.0,1097989.0,75044.0,44212.0
B042,nursery,HP-400-003|Allgemeiner Strommix,hvac_only,none,Waermepumpe,Luft,6335.0,1979-1995,9.7,Low,11.69,3.65,33.84,39.92,2.51,2.31,42.96,50.2,45.14,419259.0,483811.0,76.37,7.46,74048.0,214354.0,252913.0,23128.0,47282.0
B042,nursery,EGB55 + HP-400-003|Allgemeiner Strommix,combined,EGB55,Waermepumpe,Luft,6335.0,1979-1995,9.7,Low,108.63,25.39,239.63,411.54,13.63,11.86,421.5,61.26,98.3,419259.0,4398977.0,694.39,3.55,688170.0,1518040.0,2607097.0,160837.0,22458.0
B043,library,EGB55,construction_only,EGB55,,,1629.7,1996-2009,,Negligible,109.82,21.81,287.8,329.3,19.31,72.07,459.75,48.76,225.16,288493.0,607491.0,372.75,6.79,178985.0,469047.0,536674.0,35540.0,11064.0
B043,library,HP-400-003|Allgemeiner Strommix,hvac_only,none,Waermepumpe,Luft,1629.7,1996-2009,10.7,Negligible,16.81,3.92,36.1,58.05,1.73,5.7,72.64,33.63,22.01,288493.0,121914.0,74.81,8.28,27400.0,58840.0,94599.0,6384.0,13496.0
B043,library,EGB55 + HP-400-003|Allgemeiner Strommix,combined,EGB55,Waermepumpe,Luft,1629.7,1996-2009,10.7,Negligible,109.27,38.3,262.46,319.35,17.83,27.59,860.45,13.63,117.88,288493.0,931832.0,571.77,9.64,178077.0,427740.0,520452.0,62421.0,15708.0
B044,office,EGB55,construction_only,EGB55,,,7520.9,vor 1919,,Very high,23.65,4.74,55.61,85.53,6.36,82.13,758.63,27.13,52.1,1168745.0,2790882.0,371.09,1.48,177849.0,418242.0,643267.0,35677.0,11125.0
B044,office,HP-400-003|Allgemeiner Strommix,hvac_only,none,Waermepumpe,Luft,7520.9,vor 1919,22.7,Very high,5.33,1.31,11.11,11.84,0.96,3.37,109.99,64.39,28.5,1168745.0,985139.0,130.99,12.85,40067.0,83525.0,89026.0,9820.0,96653.0
B044,office,EGB55 + HP-400-003|Allgemeiner Strommix,combined,EGB55,Waermepumpe,Luft,7520.9,vor 1919,22.7,Very high,61.57,22.53,164.25,170.1,16.01,85.32,364.77,15.08,369.77,1168745.0,4314770.0,573.71,4.1,463041.0,1235322.0,1279313.0,169417.0,30805.0
B045,nursery,EGB55,construction_only,EGB55,,,2742.3,1979-1995,,Medium,21.4,8.09,45.06,62.76,5.87,8.55,321.95,75.34,76.38,250647.0,1801611.0,656.98,13.44,58678.0,123556.0,172095.0,22174.0,36844.0
B045,nursery,HP-400-003|Allgemeiner Strommix,hvac_only,none,Waermepumpe,Luft,2742.3,1979-1995,17.1,Medium,28.69,8.35,79.52,77.21,4.5,6.33,49.19,22.41,55.22,250647.0,374295.0,136.49,6.08,78686.0,218053.0,211740.0,22906.0,16674.0
B045,nursery,EGB55 + HP-400-003|Allgemeiner Strommix,combined,EGB55,Waermepumpe,Luft,2742.3,1979-1995,17.1,Medium,100.4,23.71,229.87,375.93,14.89,55.45,854.98,32.4,347.4,250647.0,531221.0,193.72,11.87,275332.0,630357.0,1030911.0,65021.0,32542.0
B046,sports_hall,EGB55,construction_only,EGB55,,,6764.6,ab 2010,,Negligible,129.4,36.79,271.71,301.98,21.71,67.01,718.33,9.39,398.04,1175346.0,1679915.0,248.34,5.03,875350.0,1837975.0,2042756.0,248873.0,34020.0
B046,sports_hall,HP-400-003|Allgemeiner Strommix,hvac_only,none,Waermepumpe,Luft,6764.6,ab 2010,0.0,Negligible,40.77,13.34,92.38,119.88,10.07,8.43,100.53,72.12,33.43,1175346.0,930715.0,137.59,6.46,275782.0,624907.0,810951.0,90260.0,43700.0
B046,sports_hall,EGB55 + HP-400-003|Allgemeiner Strommix,combined,EGB55,Waermepumpe,Luft,6764.6,ab 2010,0.0,Negligible,115.73,28.5,294.47,366.81,21.68,17.08,892.99,87.26,54.24,1175346.0,5185404.0,766.55,8.74,782839.0,1991932.0,2481337.0,192774.0,59109.0
B047,school,EGB55,construction_only,EGB55,,,6636.3,vor 1919,,Very high,66.11,22.78,183.24,241.73,8.86,72.38,795.96,37.11,195.87,1276535.0,1993502.0,300.39,0.59,438752.0,1216070.0,1604178.0,151148.0,3907.0
B047,school,HP-400-003|Allgemeiner Strommix,hvac_only,none,Waermepumpe,Luft,6636.3,vor 1919,24.8,Very high,18.26,3.68,52.44,52.65,3.54,7.12,56.03,69.78,33.49,1276535.0,674135.0,101.58,7.05,121189.0,348028.0,349403.0,24441.0,46796.0
B047,school,EGB55 + HP-400-003|Allgemeiner Strommix,combined,EGB55,Waermepumpe,Luft,6636.3,vor 1919,24.8,Very high,84.28,19.68,212.94,278.07,8.2,86.88,488.98,28.12,328.96,1276535.0,4497775.0,677.75,10.27,559283.0,1413133.0,1845390.0,130582.0,68186.0
B048,nursery,EGB55,construction_only,EGB55,,,1075.7,1949-1978,,Low,110.27,33.13,258.41,343.43,21.06,82.21,758.22,68.45,391.04,192406.0,150276.0,139.7,12.43,118615.0,277977.0,369435.0,35639.0,13370.0
B048,nursery,HP-400-003|Allgemeiner Strommix,hvac_only,none,Waermepumpe,Luft,1075.7,1949-1978,14.5,Low,35.07,8.39,86.08,123.43,3.05,7.24,68.85,77.82,23.5,192406.0,138519.0,128.77,4.29,37728.0,92595.0,132778.0,9026.0,4615.0
B048,nursery,EGB55 + HP-400-003|Allgemeiner Strommix,combined,EGB55,Waermepumpe,Luft,1075.7,1949-1978,14.5,Low,58.16,18.08,176.36,209.81,7.56,69.14,600.69,39.66,334.9,192406.0,789890.0,734.29,7.93,62569.0,189714.0,225694.0,19445.0,8528.0
B049,sports_hall,EGB55,construction_only,EGB55,,,1369.9,ab 2010,,Negligible,84.73,17.72,241.99,286.93,9.24,29.3,736.48,82.8,370.63,149168.0,549498.0,401.12,6.19,116075.0,331503.0,393065.0,24278.0,8486.0
B049,sports_hall,HP-400-003|Allgemeiner Strommix,hvac_only,none,Waermepumpe,Luft,1369.9,ab 2010,4.2,Negligible,12.06,3.37,25.6,29.65,1.88,3.15,67.04,65.08,42.57,149168.0,201420.0,147.03,14.23,16515.0,35066.0,40613.0,4611.0,19494.0
B049,sports_hall,EGB55 + HP-400-003|Allgemeiner Strommix,combined,EGB55,Waermepumpe,Luft,1369.9,ab 2010,4.2,Negligible,106.61,28.67,311.13,283.07,19.76,88.35,571.02,49.56,339.18,149168.0,452794.0,330.53,13.38,146046.0,426225.0,387778.0,39270.0,18331.0
B050,library,EGB55,construction_only,EGB55,,,2210.7,1996-2009,,Low,121.6,29.15,316.66,404.31,28.55,39.43,260.54,77.89,86.4,223675.0,307323.0,139.01,4.09,268822.0,700051.0,893817.0,64450.0,9041.0
B050,library,HP-400-003|Allgemeiner Strommix,hvac_only,none,Waermepumpe,Luft,2210.7,1996-2009,13.5,Low,42.69,13.91,110.54,129.51,9.33,13.28,53.63,15.6,20.05,223675.0,273967.0,123.93,10.33,94369.0,244374.0,286310.0,30743.0,22846.0
B050,library,EGB55 + HP-400-003|Allgemeiner Strommix,combined,EGB55,Waermepumpe,Luft,2210.7,1996-2009,13.5,Low,107.96,38.88,252.1,397.5,21.47,52.88,750.82,59.29,296.34,223675.0,494644.0,223.74,9.87,238674.0,557341.0,878767.0,85962.0,21818.0
